name,type,lat,lon,nearby_conflict_date
Espace pour enfant,kindergarten,16.7687279,-3.002026,1991-12-12 00:00:00.000
Unnamed School,school,16.1925958,-0.0372962,2013-01-26 00:00:00.000
Ecole,school,14.355792,-3.6120263,2023-08-09 00:00:00.000
Mamadou Tolo 1 er Cycle,school,14.3509095,-3.6056399,2023-08-09 00:00:00.000
Lycée,school,16.2675208,-0.0433404,1994-11-13 00:00:00.000
Ecole Bahadou,school,16.7690024,-3.004178,1991-12-12 00:00:00.000
KATI Camp D,school,12.7406299,-8.0728803,2012-04-30 00:00:00.000
EL MOHAMADIYATOU:Kirané [1er C],school,15.4111,-10.2232833,2021-01-04 00:00:00.000
EL MOHAMADIYATOU:Kirané [2ème C],school,15.4111,-10.2232833,2021-01-04 00:00:00.000
KIRANE [1er C]ycle,school,15.4111,-10.2232833,2021-01-04 00:00:00.000
KIRANE [1er C] B,school,15.4111,-10.2232833,2021-01-04 00:00:00.000
KIRANE [1er C]ycle C,school,15.4111,-10.2232833,2021-01-04 00:00:00.000
KIRANE [2ème C],school,15.4111,-10.2232833,2021-01-04 00:00:00.000
AGHALY AG BABACAR,school,20.0189823,2.2597051,1990-09-03 00:00:00.000
Ecole primaire,school,13.165236,-6.5209082,2018-04-02 00:00:00.000
Lycée Yana Maïga de Gao,school,16.2727182,-0.047003,1994-11-13 00:00:00.000
2eme Cycle,school,11.1211913,-5.3645656,2021-03-01 00:00:00.000
MEDERSA ANCARDINE DJENNEDAGA [2ème C],school,14.5355306,-4.0950232,2012-04-01 00:00:00.000
GUIRE,school,14.6416962,-6.6949493,2024-11-05 00:00:00.000
GUIRE [2ème C],school,14.6416694,-6.6953731,2024-11-05 00:00:00.000
KEIBANE SONINKE,school,15.2497284,-7.2694195,2023-06-11 00:00:00.000
MED communautaire KEÏBANE SONINKE,school,15.2506116,-7.2700819,2023-06-11 00:00:00.000
MED DIAFAR BEN MAHDY,school,14.6417445,-6.6954751,2024-11-05 00:00:00.000
MEDERSA KEIBANE,school,15.2432178,-7.2707082,2023-06-11 00:00:00.000
A.P.E.S.,school,14.5355177,-4.0950366,2012-04-01 00:00:00.000
ALMADARASSATOU ALPHA NOUHOU TAHER,school,14.5355151,-4.0950453,2012-04-01 00:00:00.000
ALMAMY SIDIBE,school,14.5355014,-4.0949903,2012-04-01 00:00:00.000
ASSADIATOU [1er C],school,14.5355235,-4.095056,2012-04-01 00:00:00.000
ASSADIATOU [2ème C],school,14.5355196,-4.0950259,2012-04-01 00:00:00.000
BOCARI OUOLOGUEM C,school,14.52635,-4.09076,2012-04-01 00:00:00.000
BOCARI OUOLOGUEM D,school,14.52632,-4.09038,2012-04-01 00:00:00.000
BOCARI OUOLOGUEM SC I,school,14.5266678,-4.0908344,2012-04-01 00:00:00.000
BOCARI OUOLOGUEM SC II,school,14.5266542,-4.0908793,2012-04-01 00:00:00.000
BOCARI OUOLOGUEM SC III SEVARE,school,14.5266412,-4.0908746,2012-04-01 00:00:00.000
BOCARI OUOLOGUEM E,school,14.5266275,-4.0908626,2012-04-01 00:00:00.000
COMPLEXE SCOLAIRE LASSINE SAMASSEKOU,school,14.5355177,-4.0950654,2012-04-01 00:00:00.000
DEN TANGASO,school,14.5354911,-4.0950446,2012-04-01 00:00:00.000
DIONDIORI [2ème C],school,14.61,-4.775,2018-03-29 00:00:00.000
EAT [1er C],school,14.5327,-4.09711,2012-04-01 00:00:00.000
EAT [1er C] ''B'',school,14.5326792,-4.0971073,2012-04-01 00:00:00.000
École ARMEE de TERRE [2ème C],school,14.5355183,-4.0950393,2012-04-01 00:00:00.000
École privée SOFARA [1er C],school,14.5354787,-4.095042,2012-04-01 00:00:00.000
École privée SOFARA [2ème C],school,14.535517,-4.0950373,2012-04-01 00:00:00.000
EXCELLENCE CHEICK A T DIARRA [1er C],school,14.5355066,-4.0950393,2012-04-01 00:00:00.000
EXCELLENCE CHEICK A T DIARRA [2ème C],school,14.5355417,-4.0950748,2012-04-01 00:00:00.000
FATOMA A,school,14.6100028,-4.060141,2017-11-06 00:00:00.000
GEORGES BERTSCH [1er C],school,14.5355339,-4.0950292,2012-04-01 00:00:00.000
GEORGES BERTSCH [2ème C],school,14.5354962,-4.0950359,2012-04-01 00:00:00.000
GROUPE SCOLAIRE CISSE,school,14.5354995,-4.095048,2012-04-01 00:00:00.000
HADARATOU ISLAM [1er C],school,14.5354865,-4.0950487,2012-04-01 00:00:00.000
HADARATOU ISLAM [2ème C],school,14.5355268,-4.0950681,2012-04-01 00:00:00.000
IDRISSA SOW C,school,14.535504,-4.0950379,2012-04-01 00:00:00.000
IDRISSA SOW [2ème C],school,14.5354924,-4.0949964,2012-04-01 00:00:00.000
IHYAOULOUMIDINE [1er C],school,14.53553,-4.09505,2012-04-01 00:00:00.000
IHYAOULOUMIDINE [2ème C],school,14.5354937,-4.0949736,2012-04-01 00:00:00.000
JIGIYA,school,14.5354995,-4.0950332,2012-04-01 00:00:00.000
KADIAL,school,14.6505294,-4.4391694,2018-06-09 00:00:00.000
LES COLOMBES de VENISE,school,14.5355164,-4.094989,2012-04-01 00:00:00.000
LES FLAMBOYANTS [1er C],school,14.5355294,-4.0950379,2012-04-01 00:00:00.000
LES FLAMBOYANTS [2ème C],school,14.535504,-4.0950393,2012-04-01 00:00:00.000
LES MAINS UNIES,school,14.5354716,-4.0950413,2012-04-01 00:00:00.000
BAMBA,school,14.5852875,-3.0803644,2019-06-15 00:00:00.000
BAMBA II,school,14.58507,-3.08051,2019-06-15 00:00:00.000
BANAI,school,14.61,-1.866,2023-02-16 00:00:00.000
BANGUEL TOUPE,school,14.66,-3.658,2024-12-20 00:00:00.000
DOUNA,school,14.645241,-1.7375066,2022-05-06 00:00:00.000
GONDOGOUROU,school,14.56857,-2.89948,2019-02-26 00:00:00.000
MONDORO [1er C],school,14.67,-1.948,2017-05-02 00:00:00.000
MONDORO [2ème C],school,14.67,-1.948,2017-05-02 00:00:00.000
NANGALADOUMBO,school,14.66,-3.277,2022-09-13 00:00:00.000
PIRON,school,14.59,-3.841,2021-03-27 00:00:00.000
TAN-COULLE,school,14.7152,-3.01238,2024-03-30 00:00:00.000
THOMAS GUIROU DIANKABOU,school,14.5838384,-3.0801838,2019-06-15 00:00:00.000
THY,school,14.6,-4.064,2023-07-02 00:00:00.000
YANGASSADIOU [1er C],school,14.65195,-1.77564,2020-06-03 00:00:00.000
YANGASSADIOU SC,school,14.65195,-1.77564,2020-06-03 00:00:00.000
YENDOUMA,school,14.56,-3.24,2022-05-09 00:00:00.000
YENDOUMA - ATÔ,school,14.56,-3.24,2022-05-09 00:00:00.000
YENDOUMA [2ème C],school,14.56,-3.24,2022-05-09 00:00:00.000
DAROUL HADIS KOUMAREFARA,school,14.71605,-11.3487833,2022-06-01 00:00:00.000
KOUMAREFARA,school,14.71605,-11.3487833,2022-06-01 00:00:00.000
MEDERSA RAOUDATOUL ISLAM [1er C],school,14.5354949,-4.0950292,2012-04-01 00:00:00.000
MEDERSA RAOUDATOUL ISLAM [2ème C],school,14.5355378,-4.0950104,2012-04-01 00:00:00.000
MEDERSA SAADA [2ème C],school,14.5355118,-4.0950232,2012-04-01 00:00:00.000
MEDERSA SABIL ELHIDAYATI [1er C],school,14.5355053,-4.0950513,2012-04-01 00:00:00.000
MEDERSA SABIL ELHIDAYATI [2ème C],school,14.5355014,-4.0949669,2012-04-01 00:00:00.000
MEDERSA-MINHADJ SALAMA [1er C],school,14.5355222,-4.0950433,2012-04-01 00:00:00.000
MEDERSA-MINHADJ SALAMA [2ème C],school,14.5355508,-4.0950198,2012-04-01 00:00:00.000
MEDINA - COURA École privée,school,14.5355027,-4.0950252,2012-04-01 00:00:00.000
NANTAKA,school,14.54,-4.212,2018-06-13 00:00:00.000
NOUROUDINE,school,14.53548,-4.0950393,2012-04-01 00:00:00.000
NOUROUL HOUDA [1er C],school,14.5355326,-4.0950386,2012-04-01 00:00:00.000
NOUROUL HOUDA [2ème C],school,14.5355209,-4.0950312,2012-04-01 00:00:00.000
OUMOU SOULEYM [1er C],school,14.5355345,-4.0950292,2012-04-01 00:00:00.000
OUMOU SOULEYM [2ème C],school,14.5355021,-4.0950198,2012-04-01 00:00:00.000
PERSUGUE ECOM,school,14.5354807,-4.0950406,2012-04-01 00:00:00.000
RISSALATOUL ISLAM [1er C],school,14.5355417,-4.0950493,2012-04-01 00:00:00.000
RISSALATOUL ISLAM [2ème C],school,14.5355203,-4.0950064,2012-04-01 00:00:00.000
ROSEMARIE E BECK,school,14.5355196,-4.0950265,2012-04-01 00:00:00.000
Sorry Ibrahim Thiokary (S.I.T),school,13.9058332,-4.5537707,2018-01-09 00:00:00.000
SABILOU NADIAHI WALHOUDA [1er C],school,14.535517,-4.0950534,2012-04-01 00:00:00.000
SABILOU NADIAHI WALHOUDA [2ème C],school,14.5355332,-4.095058,2012-04-01 00:00:00.000
SAYA,school,14.5354885,-4.0950104,2012-04-01 00:00:00.000
SOSSOBE,school,14.5602129,-4.6740085,2023-03-06 00:00:00.000
SOSSOBE [2ème C],school,14.5595431,-4.6744806,2023-03-06 00:00:00.000
SOYE [2ème C],school,14.5355118,-4.095046,2012-04-01 00:00:00.000
TOLERANCE [1er C],school,14.535531,-4.0950556,2012-04-01 00:00:00.000
TOLERANCE [2ème C],school,14.5355066,-4.0950064,2012-04-01 00:00:00.000
DIEMA B,school,14.5314709,-9.1947643,2018-11-30 00:00:00.000
Gomitra,school,14.4237994,-8.2765597,2022-03-22 00:00:00.000
MEDERSA SEYFILAHI(SANDARE),school,14.7046,-10.3046167,2024-11-25 00:00:00.000
MEDERSA DARCOURAN DIEMA [1er C],school,14.5423079,-9.1862276,2018-11-30 00:00:00.000
MEDERSA DARCOURANE DIEMA [2ème C],school,14.542768,-9.1871669,2018-11-30 00:00:00.000
SANDARE [2ème C].,school,14.7046,-10.3046167,2024-11-25 00:00:00.000
SANDARE I,school,14.7046,-10.3046167,2024-11-25 00:00:00.000
SEBABOUGOU,school,14.3726617,-8.2101417,2024-12-02 00:00:00.000
DIABALY [2ème C] A,school,14.6855876,-6.0218612,2008-05-06 00:00:00.000
DIABALY [2ème C] B,school,14.6855941,-6.0220074,2008-05-06 00:00:00.000
DIABALY I,school,14.6856499,-6.0217177,2008-05-06 00:00:00.000
DIABALY II,school,14.6856447,-6.0219042,2008-05-06 00:00:00.000
EP ANDA OUOLOGUEM,school,14.6933217,-6.0231635,2008-05-06 00:00:00.000
MASSARAZANA,school,14.6023892,-6.0429673,2021-10-30 00:00:00.000
NADIOUMA AL HOUDA [2ème C],school,14.6896103,-6.0221679,2008-05-06 00:00:00.000
NADIOUMA-AL-HOUDA [1er C],school,14.6896103,-6.0221679,2008-05-06 00:00:00.000
SOKOLO [1er C] A,school,14.7328715,-6.1221558,1995-01-06 00:00:00.000
SOKOLO [1er C] B,school,14.7328715,-6.1221558,1995-01-06 00:00:00.000
SOKOLO [2ème C],school,14.7328715,-6.1221558,1995-01-06 00:00:00.000
SONGHO,school,14.6356226,-5.8275218,2021-08-09 00:00:00.000
ZAHARATOU TAKIWA [1er C],school,14.685646,-6.0219846,2008-05-06 00:00:00.000
ZAHARATOU TAKIWA [2ème C],school,14.6918373,-6.0219404,2008-05-06 00:00:00.000
KASSOUM,school,15.8708833,-4.2431062,2024-10-21 00:00:00.000
CAFLI,school,14.5272505,-4.101424,2012-04-01 00:00:00.000
SIENSO,school,13.2281109,-4.8842072,2021-07-17 00:00:00.000
École Kakoli,school,14.4542434,-3.8285798,2020-06-02 00:00:00.000
BORKO [2ème C],school,14.95271,-3.3551,2020-03-15 00:00:00.000
MALEMANA,school,14.56357,-5.42682,2016-05-01 00:00:00.000
MEDERSA ANADIAH [1er C],school,14.5354657,-4.0950225,2012-04-01 00:00:00.000
MEDERSA ANADIAH [2ème C],school,14.5355456,-4.0950272,2012-04-01 00:00:00.000
MEDERSA ANCARDINE DJENNEDAGA [1er C],school,14.5355118,-4.0949675,2012-04-01 00:00:00.000
KATI Camp B,school,12.7406307,-8.0728806,2012-04-30 00:00:00.000
Noumorila C,school,12.7421142,-8.069982,2012-04-30 00:00:00.000
École fondamentale M.Cisse,school,12.5921792,-7.672113,2023-01-02 00:00:00.000
C.E.F.P.A.,school,13.6816077,-6.0718162,2022-11-09 00:00:00.000
Ecole,school,13.2888083,-4.5933414,2021-05-12 00:00:00.000
Diré,kindergarten,16.2606264,-3.3967825,2015-05-02 00:00:00.000
YANGASSO [1er C] II,school,13.07,-5.323,2022-08-04 00:00:00.000
Yangasso [1er C] I PC,school,13.0699876,-5.3229987,2022-08-04 00:00:00.000
Bodin 1er et 2e C,school,14.2499717,-3.6878189,2021-10-06 00:00:00.000
GROUPE SCOLAIRE SADIO TAMBOURA,school,14.9207,-4.59182,2018-06-18 00:00:00.000
KOUBI,school,14.9242505,-3.9528028,2020-03-27 00:00:00.000
MAMADOU SAMASSEKOU (B),school,16.2648606,-3.4000229,2015-05-02 00:00:00.000
Ecole de Doucombo,school,14.3571198,-3.6543193,2019-11-02 00:00:00.000
Diambacourou 2ème Cycle,school,14.8221207,-3.9696376,2024-02-02 00:00:00.000
Ecole de Tendely 1er cycle,school,14.0919332,-3.4184915,2019-09-08 00:00:00.000
AMBA,school,15.06815,-3.57429,2018-04-27 00:00:00.000
MOUGUI HAUT,school,15.0075907,-3.1570648,2023-01-01 00:00:00.000
IDRISSA SOW A,school,14.5355456,-4.0949823,2012-04-01 00:00:00.000
IDRISSA SOW B,school,14.53576,-4.09492,2012-04-01 00:00:00.000
BOCARI OUOLOGUEM B,school,14.52649,-4.09102,2012-04-01 00:00:00.000
DIONDIORI [1er C],school,14.61,-4.775,2018-03-29 00:00:00.000
FATOMA B,school,14.6101589,-4.0600586,2017-11-06 00:00:00.000
MEDERSA FAOUZOU WANADJAH,school,14.5355209,-4.0949695,2012-04-01 00:00:00.000
MEDERSA SAADA [1er C],school,14.5355203,-4.0950346,2012-04-01 00:00:00.000
TOUNKARI,school,14.5952316,-3.7398336,2024-10-25 00:00:00.000
TUOGOU,school,14.53,-3.268,2022-06-09 00:00:00.000
BAITOUL AMANATI [1er C],school,14.5850726,-3.0804429,2019-06-15 00:00:00.000
BAITOUL AMANATI [2ème C],school,14.5850369,-3.080506,2019-06-15 00:00:00.000
TOUPERE,school,14.75,-3.437,2018-05-15 00:00:00.000
Diambacourou 1 er Cycle,school,14.8249678,-3.9749325,2024-02-02 00:00:00.000
Medersa Ningari,school,14.66202,-3.2741214,2022-09-13 00:00:00.000
Ecole fondamentale Moussavel,school,14.6727191,-3.9985734,2018-05-16 00:00:00.000
Groupe Scolaire Yangasso,school,13.0746188,-5.3188044,2022-08-04 00:00:00.000
TARIKOU NANDIAHI,school,13.0775839,-5.3167365,2022-08-04 00:00:00.000
MEDERSA MANGAL PRIMAIRE,school,14.4502385,-4.9201847,1994-07-01 00:00:00.000
MEDERSA MADJIMAI BAHARAÏNI,school,14.4500909,-4.9200724,1994-07-01 00:00:00.000
LABBEZANGA P/C,school,14.9682855,0.7018689,2023-05-12 00:00:00.000
ANSONGO II C,school,15.6654421,0.5025094,2022-03-26 00:00:00.000
SOMO [2ème C],school,13.242868,-4.7746959,2019-01-11 00:00:00.000
SOMO École privée,school,13.2398285,-4.779454,2019-01-11 00:00:00.000
SOMO publique,school,13.2425654,-4.7752501,2019-01-11 00:00:00.000
École Professionnelle de Kasséla,college,12.5920352,-7.6746835,2023-01-02 00:00:00.000
MELGA,school,14.8975286,-11.7900081,2023-05-15 00:00:00.000
MELGA [2ème C],school,14.897299,-11.7904628,2023-05-15 00:00:00.000
Lycée Technique,school,16.7621285,-3.0079449,1991-12-12 00:00:00.000
Ecole (A),school,16.2605581,-3.3956557,2015-05-02 00:00:00.000
Lycée Privée Fanta Kanté,school,13.2905084,-4.5882109,2021-05-12 00:00:00.000
SANTORO II,school,13.2982268,-4.9008483,2021-03-04 00:00:00.000
École Doura,school,13.9259887,-6.2108259,2023-02-03 00:00:00.000
École Doura [2ème C],school,13.9261237,-6.2103056,2023-02-03 00:00:00.000
"Groupe Scolaire ""Mission Catholique""",school,11.3213038,-5.6747989,2024-12-07 00:00:00.000
Lycée Public de Fana,school,12.7870914,-6.9443816,2022-06-23 00:00:00.000
SOUBLOU SALAM,school,13.3224655,-5.6382033,2022-10-21 00:00:00.000
École fondamentale Yangasso,school,13.0741035,-5.3192753,2022-08-04 00:00:00.000
TARIKOU NAJAHI,school,13.077122,-5.316185,2022-08-04 00:00:00.000
Groupe Fondamental Plateau II,school,12.709933,-7.4344439,2022-07-14 00:00:00.000
Unnamed School,school,13.6767675,-6.0719056,2022-11-09 00:00:00.000
Ecole Fondamentale Diamarabougou,school,13.6760932,-6.07213,2022-11-09 00:00:00.000
Premier Cycle de Dougabougou,school,13.8160851,-6.1233303,2021-05-27 00:00:00.000
Ecole Privée,school,13.8172493,-6.1205193,2021-05-27 00:00:00.000
Complexe Scolaire Daouda Kote de Bla,school,12.9580989,-5.7608802,2020-02-18 00:00:00.000
Maternité de Kassela,kindergarten,12.5914866,-7.6711154,2023-01-02 00:00:00.000
Unnamed School,school,12.6511138,-7.9919403,1991-03-01 00:00:00.000
Lycée Technique de Bamako,school,12.6544656,-7.9973573,1991-03-01 00:00:00.000
Ecole Publique de Darsalam,school,12.6546828,-8.0061123,1991-03-01 00:00:00.000
E.C.I.CA,school,12.6548974,-7.9964587,1991-03-01 00:00:00.000
Cours de Jeanne D'Arc,school,12.6468833,-7.9981983,1991-03-01 00:00:00.000
Aisso II,school,16.7718552,-3.0111946,1991-12-12 00:00:00.000
Second Cycle Allimame Ben Essayoute,school,16.7713052,-3.0108911,1991-12-12 00:00:00.000
Ecole Mahamane Alassant Haidara Tombouctou,school,16.7739975,-3.0106308,1991-12-12 00:00:00.000
Unnamed School,school,15.3749491,-11.4750946,2023-05-21 00:00:00.000
DOUENTZA A,school,15.00177,-2.95375,2013-01-12 00:00:00.000
DOUENTZA B,school,15.00212,-2.95212,2013-01-12 00:00:00.000
DOUENTZA [2ème C] III,school,15.00239,-2.95409,2013-01-12 00:00:00.000
DOUENTZA ''G'',school,15.00065,-2.95366,2013-01-12 00:00:00.000
TAHIROU CISSE 1er Cycle,school,14.45648,-4.91382,1994-07-01 00:00:00.000
Groupe Scolaire Dravéla,school,12.6437321,-8.0050135,1991-03-01 00:00:00.000
Ecole ABBA Cissé Primaire,school,16.7629214,-3.010596,1991-12-12 00:00:00.000
Lycée Franco-Arabe,school,16.7718348,-3.0041062,1991-12-12 00:00:00.000
Oumar Bagna Touré I,school,16.2615082,-3.3957687,2015-05-02 00:00:00.000
Ecole Barikobé,school,16.251671,-3.3992186,2015-05-02 00:00:00.000
LERNEB,school,16.3251245,-4.9640919,2019-07-25 00:00:00.000
Centre d'Animation Pedagogique de Diré (CAP),college,16.2497024,-3.3997899,2015-05-02 00:00:00.000
Institut de Formation des Maitres (IFM),college,16.2492567,-3.4012575,2015-05-02 00:00:00.000
Ecole nationale d'Ingénieur,college,12.6508782,-7.9977418,1991-03-01 00:00:00.000
MEDERSA KOUREMALE,school,11.9563775,-8.7801854,2024-03-07 00:00:00.000
KOKO [2ème C],school,12.7521799,-8.074795,2012-04-30 00:00:00.000
NOUMORILA A,school,12.7421192,-8.0699819,2012-04-30 00:00:00.000
NOUMORILA B,school,12.7421161,-8.0699837,2012-04-30 00:00:00.000
KATI Camp I,school,12.7406294,-8.0728813,2012-04-30 00:00:00.000
KATI Camp C,school,12.7406308,-8.0728793,2012-04-30 00:00:00.000
NOUMORILA [2ème C],school,12.7421176,-8.0699801,2012-04-30 00:00:00.000
KATI Camp II,school,12.7406294,-8.0728797,2012-04-30 00:00:00.000
KOKOBOUGOU II,school,12.7523927,-8.074812,2012-04-30 00:00:00.000
KOKOBOUGOU I,school,12.7525357,-8.0748257,2012-04-30 00:00:00.000
Unnamed School,school,16.8735735,-1.921038,1994-12-01 00:00:00.000
TAHIROU CISSE [2ème C],school,14.4567956,-4.9139363,1994-07-01 00:00:00.000
Unnamed School,school,14.7354882,-6.1232523,1995-01-06 00:00:00.000
Ecole Tieba A,school,11.3184108,-5.6689463,2024-12-07 00:00:00.000
IFP,school,11.3180689,-5.6699012,2024-12-07 00:00:00.000
1er Cycle,school,11.1211281,-5.3640184,2021-03-01 00:00:00.000
DRIMBE,school,15.0215818,-2.8960688,2019-10-02 00:00:00.000
Unnamed School,school,15.0764325,-2.2201328,2021-03-18 00:00:00.000
Unnamed School,school,15.2833785,-1.7009557,2022-04-19 00:00:00.000
Lycée Privée,school,11.6930527,-5.6641618,2021-04-23 00:00:00.000
Unnamed School,school,13.8153623,-6.1207406,2021-05-27 00:00:00.000
Lycée medersa Franco arabe Dar El Hadith,school,12.3875028,-5.4719901,2022-06-11 00:00:00.000
Ecole privé espoir djigy,school,13.6876609,-6.0711914,2022-11-09 00:00:00.000
franco-arabe BEN ALI,school,16.4120515,-3.6640145,2024-05-13 00:00:00.000
École publique de Segue [1er Cycle],school,13.8438327,-3.7576569,2024-12-15 00:00:00.000
Unnamed School,school,15.6289948,2.894073,2022-02-27 00:00:00.000
Unnamed School,school,15.91956,2.39649,1990-06-28 00:00:00.000
Ecole Fandamentale de Boura,school,12.4123157,-4.543013,2020-09-10 00:00:00.000
Second cycle de Boura,school,12.4104821,-4.5413554,2020-09-10 00:00:00.000
Ecole privée Pédagogue 2ème Cycle,school,14.0740148,-3.5192473,2021-02-28 00:00:00.000
ECOM DOUGOUNI,school,14.9917781,-7.4548942,2022-03-11 00:00:00.000
SADIO TAMBOURA [2ème C],school,14.9207,-4.59182,2018-06-18 00:00:00.000
SABIL EL FALAH (K13) (DOGOFRY),school,14.808601,-6.011862,2020-03-03 00:00:00.000
SAMALADIO,school,14.83,-1.954,2021-01-11 00:00:00.000
TOULEL,school,14.87815,-7.4412,2024-11-16 00:00:00.000
DOGOFRY [1er C] B,school,14.807818,-6.025718,2020-03-03 00:00:00.000
École fondamentale de Wala-Wala,school,12.3853683,-5.4607854,2022-06-11 00:00:00.000
MARKAZ ALKADI HAMID,school,16.2684551,-0.0503381,1994-11-13 00:00:00.000
Unnamed School,school,16.2684667,-0.0504749,1994-11-13 00:00:00.000
SANEYE A,school,16.2699743,-0.0470663,1994-11-13 00:00:00.000
SANEYE B,school,16.2699736,-0.0470194,1994-11-13 00:00:00.000
DJOULOUNA,school,14.54,-1.949,2019-05-11 00:00:00.000
DAROUL HADIS,school,14.95271,-3.3551,2020-03-15 00:00:00.000
TINTAN,school,14.94063,-3.34383,2020-05-26 00:00:00.000
TOULA,school,14.85871,-2.64609,2023-01-06 00:00:00.000
BOUDJIGUIRE,school,14.8813945,-6.8461026,2021-12-31 00:00:00.000
GOUMBOU [1er C] A,school,14.9919605,-7.4601943,2022-03-11 00:00:00.000
KALOUMBA,school,14.8590624,-7.4936683,2022-07-27 00:00:00.000
MED GOUMBOU [1er C],school,14.9873042,-7.4573726,2022-03-11 00:00:00.000
MED GOUMBOU [2ème C],school,14.9878728,-7.4573673,2022-03-11 00:00:00.000
GNINAGOU,school,14.78,-3.914,2020-04-12 00:00:00.000
TIME [1er C],school,14.97,-3.861,2022-10-31 00:00:00.000
SINGO-RANGABE,school,14.7859866,-6.0659472,2020-02-11 00:00:00.000
BORKO [1er C]YCLE,school,14.95271,-3.3551,2020-03-15 00:00:00.000
ISSEYE,school,14.87,-2.028,2016-12-19 00:00:00.000
DILLY [1er C],school,14.9953723,-7.6689721,2020-04-04 00:00:00.000
DILLY [2ème C],school,14.995088,-7.6691277,2020-04-04 00:00:00.000
GOUMBOU [2ème C],school,14.9925291,-7.4620719,2022-03-11 00:00:00.000
DOMONO,school,14.92013,-4.5903,2018-06-18 00:00:00.000
KONNA C,school,14.9435952,-3.8921628,2012-04-03 00:00:00.000
DOGOFRY [1er C] A,school,14.807818,-6.025718,2020-03-03 00:00:00.000
DOGOFRY [2ème C],school,14.807818,-6.025718,2020-03-03 00:00:00.000
FARABOUGOU,school,14.8883374,-6.1409236,2020-11-01 00:00:00.000
PETAKA,school,15.0255023,-2.8538923,2021-05-30 00:00:00.000
Unnamed School,school,15.6622885,0.5102536,2022-03-26 00:00:00.000
Second cycle de Niono,school,14.2489281,-5.9870455,2020-01-26 00:00:00.000
Lycée Attaher Ag Illy,school,18.4494143,1.411161,2024-10-16 00:00:00.000
KIMPARANA B,school,12.8376034,-4.9193059,2020-08-10 00:00:00.000
École catholique [1er C] de KORO,school,14.0627399,-3.0789572,2017-07-19 00:00:00.000
MADOUGOU [1er C],school,14.4005209,-3.0785279,2018-11-19 00:00:00.000
MEDERSA SEBEKORO,school,12.9613061,-8.9849488,2023-01-08 00:00:00.000
SEBEKORO [2ème C],school,12.9604513,-8.9865156,2023-01-08 00:00:00.000
SEBEKORO I,school,12.9607916,-8.9867966,2023-01-08 00:00:00.000
SEBEKORO II,school,12.9661441,-8.9861154,2023-01-08 00:00:00.000
ANCARDINE [1er C],school,14.4846566,-4.1912522,2017-02-04 00:00:00.000
DOROBOUGOU,school,13.9890827,-4.3335134,2018-07-01 00:00:00.000
SIMA BAMBARA,school,14.0403478,-4.4626641,2021-09-23 00:00:00.000
BINTAGOUNGOU [1er C],school,16.7389366,-3.731734,1994-07-01 00:00:00.000
École Koumaga,school,13.9875291,-4.3971552,2018-06-23 00:00:00.000
MOURRAH [1er C],school,14.3310237,-4.6002165,2022-03-26 00:00:00.000
TAGA [1er C],school,13.9612929,-4.3989721,2022-11-12 00:00:00.000
TAGA [2ème C],school,13.9615667,-4.3990604,2022-11-12 00:00:00.000
SISSAKO,school,13.8827705,-6.1083174,2019-05-13 00:00:00.000
CSAK,school,12.7473554,-8.0645549,2012-04-30 00:00:00.000
École Privé Catholique,school,13.0163049,-4.464675,2021-03-27 00:00:00.000
Jardin enfant Municipal,school,13.3053235,-4.8929263,2021-03-04 00:00:00.000
Unnamed School,school,16.9408668,-0.5711792,2023-10-04 00:00:00.000
Unnamed School,school,15.9360661,0.214368,2023-11-21 00:00:00.000
Unnamed School,school,15.148185,0.3942267,2022-02-08 00:00:00.000
Unnamed School,school,14.6879304,-6.0225874,2008-05-06 00:00:00.000
Mamadou Tolo 2eme Cycle,school,14.3518085,-3.605876,2023-08-09 00:00:00.000
Ecole de Saneye,school,16.2745668,-0.0459301,1994-11-13 00:00:00.000
Ecole de Djebock,school,16.3441109,0.2794352,2023-03-14 00:00:00.000
ZAMBOUGOU [1er C],school,13.1651112,-6.5211301,2018-04-02 00:00:00.000
ZAMBOUGOU [2ème C],school,13.1648747,-6.5208593,2018-04-02 00:00:00.000
LABBEZANGA S/C,school,14.9747385,0.7028934,2023-05-12 00:00:00.000
Bô SANGARE [2ème C],school,12.2275333,-8.6369667,2023-02-02 00:00:00.000
CENTRE ISLAMIC de NARENA,school,12.2275333,-8.6369667,2023-02-02 00:00:00.000
DIALAKOROBA [2ème C] II,school,12.26605,-7.92665,2023-09-03 00:00:00.000
DIALAKOROBA [2ème C] I,school,12.26605,-7.92665,2023-09-03 00:00:00.000
DIALAKOROBA A. PC,school,12.26605,-7.92665,2023-09-03 00:00:00.000
DIALAKOROBA B,school,12.26605,-7.92665,2023-09-03 00:00:00.000
BOURA [1er C] B,school,12.41695,-4.5443167,2020-09-10 00:00:00.000
BOURA [2ème C],school,12.41695,-4.5443167,2020-09-10 00:00:00.000
BOURA [1er C]c A,school,12.4169212,-4.544312,2020-09-10 00:00:00.000
MEDERSAS FATOU HOUL SLAMIYATOU BOURA,school,12.4169572,-4.5443133,2020-09-10 00:00:00.000
Koury [1er C] D,school,12.1836902,-4.8043698,2019-05-19 00:00:00.000
École de Mahou,school,12.1347265,-4.6323983,2021-09-14 00:00:00.000
École sécondaire de Mahou,school,12.1350516,-4.6311699,2021-09-14 00:00:00.000
École de Mahou (A),school,12.1348419,-4.6319504,2021-09-14 00:00:00.000
École de Mahou (B),school,12.1349363,-4.6315346,2021-09-14 00:00:00.000
BÔ SANGARE [1er C]ycle A,school,12.2275333,-8.6369667,2023-02-02 00:00:00.000
Bô SANGARE [1er C]ycle B,school,12.2275333,-8.6369667,2023-02-02 00:00:00.000
MEDERSAS MAGADINAT SAKIRI BOURA,school,12.4169343,-4.5443201,2020-09-10 00:00:00.000
SOGOMOUGOU A,school,12.3878261,-5.4680641,2022-06-11 00:00:00.000
SOGOMOUGOU B,school,12.3878667,-5.4680333,2022-06-11 00:00:00.000
TANDIO [2ème C],school,12.1621489,-4.96152,2022-03-08 00:00:00.000
Complexe Scolaire ECIAT,school,12.3973337,-5.4661643,2022-06-11 00:00:00.000
Ecole de technicien DrMoutagatall,school,12.3837515,-5.4646127,2022-06-11 00:00:00.000
Lycée Lousmane Sidibe,school,12.3938215,-5.4672139,2022-06-11 00:00:00.000
Ecole coranique,school,12.3849978,-5.4648774,2022-06-11 00:00:00.000
Ecole coranique,school,12.3875876,-5.4720446,2022-06-11 00:00:00.000
BOBOSSO,school,13.6597973,-3.6734896,2022-07-23 00:00:00.000
AMENE KODIO [1er C] A,school,13.61424,-3.71173,2023-11-03 00:00:00.000
AMENE KODIO [1er C] B,school,13.6142347,-3.7120837,2023-11-03 00:00:00.000
AMENE KODIO [2ème C],school,13.61455,-3.7118945,2023-11-03 00:00:00.000
BAYE [1er C],school,13.6228835,-3.3687779,2019-02-01 00:00:00.000
BAYE [2ème C],school,13.6228435,-3.3690228,2019-02-01 00:00:00.000
DEROU NA,school,13.8895865,-2.9599208,2022-11-14 00:00:00.000
DIALLASSAGOU [1er C],school,13.74442,-3.62459,2022-05-24 00:00:00.000
DIALLASSAGOU [2ème C],school,13.74442,-3.62459,2022-05-24 00:00:00.000
DIANGASSAGOU [2ème C],school,13.9971721,-3.938926,2019-04-08 00:00:00.000
DIANKONSAGOU,school,13.9971556,-3.9381766,2019-04-08 00:00:00.000
École Doumbal,school,13.9125515,-3.9250107,2022-08-18 00:00:00.000
Gakou,school,13.6933889,-2.983457,2019-03-29 00:00:00.000
LESSAGOU [1er C],school,13.8174756,-3.6032633,2018-12-05 00:00:00.000
LESSAGOU [2ème C],school,13.8189785,-3.6029118,2018-12-05 00:00:00.000
École Libbe-Habe,school,13.7467075,-3.3526789,2020-10-22 00:00:00.000
MANKANOU,school,13.5530133,-3.799,2022-11-21 00:00:00.000
MASSAKANA [2ème C]YCLE,school,13.5011961,-3.7307632,2023-02-15 00:00:00.000
MASSAKANA-OUORI,school,13.5005718,-3.7307091,2023-02-15 00:00:00.000
M'Bana Gakou,school,13.6926289,-2.9749218,2019-03-29 00:00:00.000
MEDERSA de BAYE,school,13.6228852,-3.3688673,2019-02-01 00:00:00.000
MEDERSA ISLAMIA TARIQ HOUDA,school,13.74,-3.625,2022-05-24 00:00:00.000
MINIMA-KANDA,school,13.73,-3.525,2020-11-23 00:00:00.000
MOUGHE,school,13.709914,-3.6726916,2022-10-28 00:00:00.000
PANSADOUGOU,school,13.83,-3.552,2020-07-01 00:00:00.000
École Sokoura [1er C],school,13.5082137,-3.7664166,2021-01-11 00:00:00.000
École Sokoura [2ème C],school,13.5087197,-3.7657136,2021-01-11 00:00:00.000
TOUN [1er C]YCLE,school,13.5450405,-3.9042049,2022-11-19 00:00:00.000
TOUN [2ème C],school,13.5450412,-3.9039493,2022-11-19 00:00:00.000
Yogohire Nianandion Derou-na,school,13.8895616,-2.9596712,2022-11-14 00:00:00.000
DAR HADISS KIBAN [1er C],school,13.5777297,-7.35341,2022-06-06 00:00:00.000
DAR HADISS KIBAN [2ème C],school,13.5777297,-7.35341,2022-06-06 00:00:00.000
DIDIENI [1er C] C,school,13.8819833,-8.0882167,2020-09-22 00:00:00.000
DIDIENI [1er C] A,school,13.8819833,-8.0882167,2020-09-22 00:00:00.000
DIDIENI [1er C] B,school,13.8819833,-8.0882167,2020-09-22 00:00:00.000
DIDIENI [2ème C],school,13.8819833,-8.0882167,2020-09-22 00:00:00.000
NIARE [1er C],school,13.8495091,-7.31698,2023-08-12 00:00:00.000
NIARE [2ème C],school,13.8493775,-7.3173,2023-08-12 00:00:00.000
TOUBACORO [1er C],school,13.871575,-7.1835901,2018-01-22 00:00:00.000
TOUBACORO [2ème C],school,13.8718536,-7.1829208,2018-01-22 00:00:00.000
ABDOUL KADRI SEGNON [1er C],school,13.904605,-4.5561871,2018-01-09 00:00:00.000
BANGASSI,school,13.86061,-4.36295,2023-07-02 00:00:00.000
DJIGUINE,school,13.9700234,-4.3090027,2022-03-03 00:00:00.000
MACINA [2ème C] A,school,13.9626398,-5.3585492,2016-03-03 00:00:00.000
MACINA IV,school,13.9623009,-5.3585492,2016-03-03 00:00:00.000
KOMBAKA,school,13.9650185,-4.2380966,2023-08-23 00:00:00.000
École Kounti,school,13.9771192,-4.2881523,2021-05-04 00:00:00.000
MEDERSA SAADA (BANGASSI),school,13.86061,-4.36295,2023-07-02 00:00:00.000
MOUGNA [1er C],school,13.88,-4.82,2017-07-14 00:00:00.000
MOUGNA [2ème C],school,13.8800625,-4.819764,2017-07-14 00:00:00.000
PROMANI,school,13.8326933,-4.37451,2022-05-05 00:00:00.000
S.I.T.,school,13.90606,-4.55327,2018-01-09 00:00:00.000
S.I.T.,school,13.90593,-4.55368,2018-01-09 00:00:00.000
École Tombona,school,13.9317213,-4.318499,2023-04-09 00:00:00.000
ALLIANCE OUAN,school,13.6903847,-4.40307,2017-10-23 00:00:00.000
FANGASSO [1er C],school,13.5219285,-4.4453688,2024-11-01 00:00:00.000
FANGASSO [2ème C],school,13.5219285,-4.4453688,2024-11-01 00:00:00.000
OUAN [1er C],school,13.69,-4.403,2017-10-23 00:00:00.000
OUAN [2ème C],school,13.69,-4.403,2017-10-23 00:00:00.000
TIMISSA [1er C],school,13.8227993,-4.2100842,2024-07-29 00:00:00.000
TIMISSA [2ème C],school,13.8188073,-4.2064217,2024-07-29 00:00:00.000
TIOUGA,school,13.5516988,-4.1175659,2022-10-20 00:00:00.000
École Tondaga,school,13.7255799,-4.1867832,2024-06-23 00:00:00.000
École Bambougou,school,13.6300202,-6.0873775,2023-03-23 00:00:00.000
DJIMIDIELA,school,13.930326,-5.359648,2024-01-04 00:00:00.000
ESPOIR DJIGUI [1er C],school,13.6881992,-6.071785,2022-11-09 00:00:00.000
ESPOIR DJIGUI [2ème C],school,13.6881992,-6.071785,2022-11-09 00:00:00.000
Institution Scolaire GE MA CO,school,13.6812423,-6.070752,2022-11-09 00:00:00.000
LOUTAN-COURA,school,13.8575416,-5.727888,2022-12-14 00:00:00.000
MACINA [2ème C] B,school,13.9629786,-5.358413,2016-03-03 00:00:00.000
MACINA I,school,13.96102,-5.3584641,2016-03-03 00:00:00.000
MACINA II,school,13.9613589,-5.3585663,2016-03-03 00:00:00.000
MACINA III,school,13.9615902,-5.3585492,2016-03-03 00:00:00.000
MARKALA [2ème C] A,school,13.6852464,-6.0713266,2022-11-09 00:00:00.000
MARKALA [2ème C] B,school,13.6853133,-6.070567,2022-11-09 00:00:00.000
MARKALA II A [1er C],school,13.6763815,-6.0724136,2022-11-09 00:00:00.000
MARKALA II B,school,13.6763056,-6.0724204,2022-11-09 00:00:00.000
MARKALA II C,school,13.6764436,-6.0720087,2022-11-09 00:00:00.000
MARKALA II. A [2ème C],school,13.6757038,-6.0721414,2022-11-09 00:00:00.000
École M'Bewani,school,13.9215931,-6.0458642,2024-10-22 00:00:00.000
OUELA,school,13.9465745,-5.6460962,2022-07-16 00:00:00.000
École Samba Dianka (1er C),school,13.6799514,-6.0749203,2022-11-09 00:00:00.000
École Samba Dianka (2eme C),school,13.679453,-6.0749354,2022-11-09 00:00:00.000
École Sarkala,school,13.6890734,-6.0978663,2023-02-26 00:00:00.000
SARRO [1er C]ycle,school,13.7278885,-5.2389147,2024-04-18 00:00:00.000
SARRO [1er C],school,13.7276128,-5.238624,2024-04-18 00:00:00.000
SARRO [2ème C],school,13.7264495,-5.2386652,2024-04-18 00:00:00.000
SAYE [1er C],school,13.8250967,-4.9967179,2024-09-24 00:00:00.000
SOUBOULOU SALAM M'BEWANI,school,13.920439,-6.0427313,2024-10-22 00:00:00.000
SOULEYE [1er C],school,13.8819551,-5.2443852,2019-04-17 00:00:00.000
SOULEYE [2ème C],school,13.8814183,-5.2443245,2019-04-17 00:00:00.000
TIELAN,school,13.8939104,-5.3185533,2024-01-04 00:00:00.000
TIEMORI CISSE [2ème C],school,13.8303996,-4.9950504,2024-09-24 00:00:00.000
TONGOLO-COURA,school,13.8333901,-5.7554147,2022-12-07 00:00:00.000
FANA A1 [1er C],school,12.7884873,-6.9528494,2022-06-23 00:00:00.000
FANA B1 [2ème C],school,12.781347,-6.9471714,2022-06-23 00:00:00.000
FANA B1 [1er C],school,12.7816048,-6.9469594,2022-06-23 00:00:00.000
MARKA-COUNGO A [1er C],school,12.7375167,-7.2863167,2023-01-02 00:00:00.000
FANA A1 [2ème C],school,12.7881336,-6.9524539,2022-06-23 00:00:00.000
SALAM [2ème C],school,12.779389,-6.9485245,2022-06-23 00:00:00.000
YIRA BAYE [1er C]YCLE,school,13.3803397,-3.3453406,2020-03-22 00:00:00.000
OUENKORO [1er C],school,13.3808167,-3.8289157,2015-09-12 00:00:00.000
OUENKORO [2ème C],school,13.3810381,-3.8287919,2015-09-12 00:00:00.000
École Dissa,school,13.4613935,-3.302134,2020-03-22 00:00:00.000
KIENOU,school,13.409979,-3.635003,2020-03-28 00:00:00.000
YIRA - BAYE [2ème C],school,13.3801988,-3.345528,2020-03-22 00:00:00.000
FANA A2 [1er C],school,12.7882204,-6.9523009,2022-06-23 00:00:00.000
FANA A2 [2ème C],school,12.7880669,-6.9528431,2022-06-23 00:00:00.000
FANA B2 [1er C],school,12.7824318,-6.9471596,2022-06-23 00:00:00.000
FANA B2 [2ème C],school,12.7821246,-6.9478689,2022-06-23 00:00:00.000
FANA D1 [1er C],school,12.7884769,-6.9525791,2022-06-23 00:00:00.000
FANA D2 [1er C],school,12.7882304,-6.9522753,2022-06-23 00:00:00.000
LE PATRIOTE [1er C],school,12.7872004,-6.9449793,2022-06-23 00:00:00.000
LE PATRIOTE [2ème C] C,school,12.7871244,-6.9448606,2022-06-23 00:00:00.000
MARKA-COUNGO A [2ème C],school,12.7375167,-7.2863167,2023-01-02 00:00:00.000
MARKA-COUNGO B [1er C],school,12.7375167,-7.2863167,2023-01-02 00:00:00.000
MARKA-COUNGO B [2ème C],school,12.7375167,-7.2863167,2023-01-02 00:00:00.000
MARKA-COUNGO C [1er C],school,12.7375167,-7.2863167,2023-01-02 00:00:00.000
MEDERSA SABIL SAADATI,school,12.7863008,-6.9506706,2022-06-23 00:00:00.000
NACHIROU DINE,school,12.7872004,-6.9449793,2022-06-23 00:00:00.000
SALAM [1er C],school,12.779389,-6.9485245,2022-06-23 00:00:00.000
Unnamed School,kindergarten,12.3937537,-5.4664482,2022-06-11 00:00:00.000
Unnamed School,kindergarten,12.3938928,-5.4657228,2022-06-11 00:00:00.000
Groupe Fondamental Plateau II,school,12.7098056,-7.4348611,2022-07-14 00:00:00.000
KABE,school,13.1724703,-9.4308751,2020-04-09 00:00:00.000
Groupe Fondamental Plateau II,school,12.8579167,-7.5640667,2019-02-24 00:00:00.000
BORA,school,13.4447163,-4.5619194,2024-10-09 00:00:00.000
BLA [2ème C] I,school,12.9442913,-5.7610307,2020-02-18 00:00:00.000
AMA (AGENCE DES MUSULMANS D'AFRIQUE),school,13.3034525,-4.8893116,2021-03-04 00:00:00.000
BABOU DIONI B [2ème C],school,13.3051752,-4.8933488,2021-03-04 00:00:00.000
BABOU DIONI C [2ème C],school,13.3044362,-4.8930928,2021-03-04 00:00:00.000
EL AN W. EL ISLAMIYA [1er C],school,13.3050341,-4.9043646,2021-03-04 00:00:00.000
NOSSOMBOUGOU [1er C] A,school,13.0992,-7.9383333,2023-04-06 00:00:00.000
NOSSOMBOUGOU [1er C] C,school,13.0992,-7.9383333,2023-04-06 00:00:00.000
NOSSOMBOUGOU [2ème C] A,school,13.0992,-7.9383333,2023-04-06 00:00:00.000
NOSSOMBOUGOU [2ème C] B,school,13.0992,-7.9383333,2023-04-06 00:00:00.000
NOSSOMBOUGOU B,school,13.0992,-7.9383333,2023-04-06 00:00:00.000
Groupe Fondamental Plateau II,school,12.8652833,-7.5569,2019-02-24 00:00:00.000
Groupe Fondamental Plateau II,school,12.8652833,-7.5569,2019-02-24 00:00:00.000
Groupe Fondamental Plateau II,school,12.8652833,-7.5569,2019-02-24 00:00:00.000
Groupe Fondamental Plateau II,school,12.8652833,-7.5569,2019-02-24 00:00:00.000
Groupe Fondamental Plateau II,school,12.8579167,-7.5640667,2019-02-24 00:00:00.000
Groupe Fondamental Plateau II,school,12.8579167,-7.5640667,2019-02-24 00:00:00.000
BABOU DIONI A [2ème C],school,13.3044362,-4.8930928,2021-03-04 00:00:00.000
BABOU DIONI EXTENSION,school,13.3051752,-4.8933488,2021-03-04 00:00:00.000
BABOU DIONI I,school,13.3044362,-4.8930928,2021-03-04 00:00:00.000
BABOU DIONI II,school,13.3044362,-4.8930928,2021-03-04 00:00:00.000
BABOU DIONI III,school,13.3051752,-4.8933488,2021-03-04 00:00:00.000
BABOU DIONI IV,school,13.3051752,-4.8933488,2021-03-04 00:00:00.000
BABOU DIONI V,school,13.303639,-4.8925745,2021-03-04 00:00:00.000
BLA [1er C] I PC,school,12.9442913,-5.7610307,2020-02-18 00:00:00.000
BLA [1er C] II PC,school,12.9442913,-5.7610307,2020-02-18 00:00:00.000
BLA [2ème C] II,school,12.9442913,-5.7610307,2020-02-18 00:00:00.000
BLA III PC,school,12.9442913,-5.7610307,2020-02-18 00:00:00.000
COLLEGE MAMAMOUDOU CISSE,school,12.9442913,-5.7610307,2020-02-18 00:00:00.000
DALILU [1er C],school,13.2947437,-4.897259,2021-03-04 00:00:00.000
DIARAKOUGO,school,12.805,-4.644,2022-03-22 00:00:00.000
EL AN W. EL ISLAMIYA [2ème C],school,13.3050341,-4.9043646,2021-03-04 00:00:00.000
EL FIKER,school,13.3083058,-4.8882663,2021-03-04 00:00:00.000
KIMPARANA [2ème C]/I,school,12.8342273,-4.9270999,2020-08-10 00:00:00.000
KIMPARANA [2ème C]/II,school,12.8342198,-4.9270979,2020-08-10 00:00:00.000
KIMPARANA A,school,12.8415796,-4.9262681,2020-08-10 00:00:00.000
MAFOUNE [1er C],school,12.7871882,-4.3628393,2021-04-04 00:00:00.000
MANDIAKUY École privée [1er C],school,13.017039,-4.4647482,2021-03-27 00:00:00.000
MANDIAKUY École privée [2ème C],school,13.0170652,-4.4647455,2021-03-27 00:00:00.000
MANDIAKUY PUBLIC [1er C],school,13.0170201,-4.4647475,2021-03-27 00:00:00.000
MANDIAKUY [2ème C] PUBLIC,school,13.0169953,-4.4647496,2021-03-27 00:00:00.000
MEDERSA BORA,school,13.4452449,-4.5610544,2024-10-09 00:00:00.000
Yangasso [1er C] II [2ème C],school,13.0699876,-5.3229993,2022-08-04 00:00:00.000
PAROU,school,13.334027,-4.4252506,2022-03-22 00:00:00.000
PBDR [1er C],school,13.2951764,-4.8973138,2021-03-04 00:00:00.000
PBDR [2ème C],school,13.2951764,-4.8973138,2021-03-04 00:00:00.000
SABIL ANADJA [1er C],school,13.30189,-4.8960908,2021-03-04 00:00:00.000
SABIL ANADJA [2ème C],school,13.30189,-4.8960908,2021-03-04 00:00:00.000
SABIL EL FALAH [2ème C],school,13.30189,-4.8960908,2021-03-04 00:00:00.000
SAN ALMAMY [1er C],school,13.3106664,-4.8939975,2021-03-04 00:00:00.000
SAN ALMAMY [2ème C],school,13.3106664,-4.8939975,2021-03-04 00:00:00.000
SANTORO EXTENSION [1er C],school,13.2982265,-4.9008483,2021-03-04 00:00:00.000
SANTORO EXTENSION [2ème C],school,13.2982265,-4.900849,2021-03-04 00:00:00.000
SANTORO I,school,13.2982268,-4.9008493,2021-03-04 00:00:00.000
SANTORO III,school,13.2982249,-4.9008493,2021-03-04 00:00:00.000
SANTORO École privée [1er C],school,13.2982252,-4.9008483,2021-03-04 00:00:00.000
SANTORO École privée [2ème C],school,13.2982265,-4.900849,2021-03-04 00:00:00.000
SOBOUA P. DIARRA I,school,13.288,-4.5933,2021-05-12 00:00:00.000
SOBOUA P. DIARRA II,school,13.284,-4.5942,2021-05-12 00:00:00.000
N'GOUNTJINA [2ème C],school,12.2979045,-5.48105,2022-06-11 00:00:00.000
SOGOMOUGOU [2ème C],school,12.3878444,-5.46804,2022-06-11 00:00:00.000
TANDIO [1er C]ycle A,school,12.1617884,-4.9617292,2022-03-08 00:00:00.000
KOBALA,school,12.0051,-6.0527167,2022-11-19 00:00:00.000
MEDERSA KOBALA,school,12.0051,-6.0527167,2022-11-19 00:00:00.000
NGOUNTJINA [1er C],school,12.297839,-5.4810339,2022-06-11 00:00:00.000
TOMINIAN [1er C],school,13.2851357,-4.5920054,2021-05-12 00:00:00.000
SABILOU RACHAAD B,school,13.3212333,-5.640301,2022-10-21 00:00:00.000
TAMANI [1er C],school,13.3389429,-6.8309626,2022-05-19 00:00:00.000
TAMANI [2ème C],school,13.3389375,-6.8306815,2022-05-19 00:00:00.000
DIABA MOUSSA DIAKITE de DJERILA,school,11.42173,-7.47983,2021-05-30 00:00:00.000
DIALANIKORO [2ème C]YCLE,school,11.4171805,-7.480664,2021-05-30 00:00:00.000
DIALANIKORO [1er C]ycle,school,11.4171667,-7.4806667,2021-05-30 00:00:00.000
DOUGOUNINA,school,11.4198833,-7.4791833,2021-05-30 00:00:00.000
DOUGOUNINA [2ème C],school,11.4198938,-7.4791833,2021-05-30 00:00:00.000
YANGASSO [2ème C] I,school,13.0700007,-5.3230007,2022-08-04 00:00:00.000
YANGASSO [2ème C] II,school,13.07,-5.323,2022-08-04 00:00:00.000
KATIENA [1er C],school,13.3256504,-5.6439627,2022-10-21 00:00:00.000
KATIENA [2ème C],school,13.3252896,-5.6437629,2022-10-21 00:00:00.000
HEREMAKONO NORD,school,11.4215266,-7.4903219,2021-05-30 00:00:00.000
HEREMAKONO NORD [2ème C],school,11.4215035,-7.4903219,2021-05-30 00:00:00.000
MEDINE [2ème C] A,school,11.4195467,-7.4842625,2021-05-30 00:00:00.000
MEDINE [2ème C] B,school,11.4195303,-7.4842853,2021-05-30 00:00:00.000
MEDINE A,school,11.4195566,-7.4843034,2021-05-30 00:00:00.000
MEDINE B,school,11.4195395,-7.4843061,2021-05-30 00:00:00.000
MEDINE [1er C] C,school,11.4195658,-7.4842652,2021-05-30 00:00:00.000
TORAKABOUGOU [1er C] A,school,11.4215062,-7.4903669,2021-05-30 00:00:00.000
TORAKABOUGOU [1er C] B,school,11.4215496,-7.4903642,2021-05-30 00:00:00.000
TORAKABOUGOU [1er C] C,school,11.4214904,-7.4903823,2021-05-30 00:00:00.000
TORAKABOUGOU [2ème C] I,school,11.4215588,-7.4903252,2021-05-30 00:00:00.000
TORAKABOUGOU [2ème C] II,school,11.4215259,-7.4903823,2021-05-30 00:00:00.000
TIÈRÈ,school,11.8994424,-5.4059973,2021-07-16 00:00:00.000
TIERE [2ème C],school,11.8993124,-5.406004,2021-07-16 00:00:00.000
BOUGOULA HAMEAU,school,11.3448,-5.77238,2022-04-15 00:00:00.000
BOUGOULA HAMEAU,school,11.3448,-5.77238,2022-04-15 00:00:00.000
KIGNAN [2ème C],school,11.8526833,-6.0135333,2022-02-13 00:00:00.000
KIGNAN I A,school,11.8526833,-6.0135333,2022-02-13 00:00:00.000
KIGNAN I B,school,11.8526833,-6.0135333,2022-02-13 00:00:00.000
MANCOURANI [1er C] B,school,11.30925,-5.6718667,2024-12-07 00:00:00.000
MANCOURANI [2ème C] II,school,11.30925,-5.6718667,2024-12-07 00:00:00.000
MANCOURANI [2ème C] I,school,11.30925,-5.6718667,2024-12-07 00:00:00.000
NIAMAZANA,school,11.9788527,-6.9624461,2024-06-01 00:00:00.000
MEDERSA TIERE,school,11.8993833,-5.406,2021-07-16 00:00:00.000
DANDERESSO [2ème C]ycle,school,11.4864,-5.4805167,2021-12-30 00:00:00.000
DANDERESSO [1er C],school,11.4864,-5.4805167,2021-12-30 00:00:00.000
TIEBA [2ème C] IV,school,11.319682,-5.6759137,2024-12-07 00:00:00.000
École Joseph Yaro A [1er C],school,14.0787102,-3.5151679,2021-02-28 00:00:00.000
PEL KANDA,school,14.4,-3.644,2024-09-29 00:00:00.000
BIRGA- DOGON,school,14.04,-3.261,2022-11-12 00:00:00.000
BIRGA-PEULH,school,14.0344446,-3.2611729,2022-11-12 00:00:00.000
DJIGUIBOMBO [2ème C],school,14.188922,-3.5943395,2024-11-21 00:00:00.000
École Joseph Yaro B [2ème C],school,14.07915,-3.51392,2021-02-28 00:00:00.000
DIOUNGANI [1er C],school,14.31,-2.741,2017-11-18 00:00:00.000
École Joseph Yaro A [2ème C],school,14.0791889,-3.5151572,2021-02-28 00:00:00.000
École Tanganboye,school,14.0846789,-3.5146871,2021-02-28 00:00:00.000
DOUCOMBO,school,14.35,-3.658,2019-11-02 00:00:00.000
DOUNA-PEN [2ème C],school,14.34,-2.805,2019-06-03 00:00:00.000
BANDIOUGOU,school,14.49,-3.906,2024-08-06 00:00:00.000
École Barthelemy Togo,school,14.2283522,-2.9784923,2023-05-28 00:00:00.000
BODIO,school,14.25,-3.691,2021-10-06 00:00:00.000
BODIO [2ème C],school,14.25,-3.691,2021-10-06 00:00:00.000
DINANGOUROU,school,14.45,-2.245,2020-05-10 00:00:00.000
DINANGOUROU II,school,14.45,-2.245,2020-05-10 00:00:00.000
DIOUNDIOUROU,school,14.238545,-3.4799,2019-08-10 00:00:00.000
DIOUNGANI II,school,14.31,-2.741,2017-11-18 00:00:00.000
DJIBRIL BARRY,school,14.06496,-3.0758,2017-07-19 00:00:00.000
DJIBRIL BARRY [2ème C],school,14.06496,-3.0758,2017-07-19 00:00:00.000
DJIGUI BOMBO [1er C],school,14.1881896,-3.59433,2024-11-21 00:00:00.000
DOMNOSSOGOU,school,14.3534814,-3.0937883,2022-03-20 00:00:00.000
DOUNA-PEN I,school,14.34,-2.805,2019-06-03 00:00:00.000
DOUNDIOUROU,school,14.238545,-3.4799,2019-08-10 00:00:00.000
DOUROU [1er C],school,14.3,-3.435,2023-04-24 00:00:00.000
DOUROU [2ème C],school,14.3,-3.435,2023-04-24 00:00:00.000
GUEOUROU-DOGON,school,14.17,-3.241,2018-06-04 00:00:00.000
GUIRI,school,14.32,-2.19,2019-06-30 00:00:00.000
GUIRI MEDERSA,school,14.32,-2.19,2019-06-30 00:00:00.000
GURU ANAYE [2ème C],school,14.06935,-3.08205,2017-07-19 00:00:00.000
GURU ANAYE A,school,14.06935,-3.08205,2017-07-19 00:00:00.000
GURU ANAYE B,school,14.06935,-3.08205,2017-07-19 00:00:00.000
IDIELI-DO,school,14.33,-3.394,2023-08-18 00:00:00.000
IDIELI-NA [1er C],school,14.34,-3.391,2023-08-18 00:00:00.000
IDIELY-NA [2ème C]YCLE,school,14.34,-3.391,2023-08-18 00:00:00.000
INDELL [2ème C]YCLE,school,14.24,-3.483,2019-08-10 00:00:00.000
École Joseph Yaro B [1er C],school,14.0790355,-3.5145423,2021-02-28 00:00:00.000
KANI - BONZON [2ème C],school,14.1344766,-3.6298196,2023-02-23 00:00:00.000
École Kani-Bonzon [1er C],school,14.1347958,-3.6301108,2023-02-23 00:00:00.000
KB TOGO [2ème C] DANGATENE,school,14.23,-2.973,2023-05-28 00:00:00.000
KORI KORI [2ème C],school,14.4069969,-3.7511256,2024-04-14 00:00:00.000
KORI-KORI [1er C],school,14.4066748,-3.7512758,2024-04-14 00:00:00.000
MACKOU,school,14.3483986,-3.9325191,2022-06-11 00:00:00.000
MADOUGOU [2ème C]ylce,school,14.4002702,-3.0786848,2018-11-19 00:00:00.000
MANDOLI [1er C]YCLE,school,14.06,-3.781,2020-05-05 00:00:00.000
M'BANA,school,14.46,-2.828,2022-03-20 00:00:00.000
MED de DOUROU,school,14.3,-3.435,2023-04-24 00:00:00.000
MEDERSA - DIOUNGANI [1er C],school,14.31,-2.741,2017-11-18 00:00:00.000
MEDERSA - DIOUNGANI [2ème C],school,14.31,-2.741,2017-11-18 00:00:00.000
MEDERSA de DOUROU,school,14.3,-3.435,2023-04-24 00:00:00.000
MEDERSA de DOUROU [2ème C],school,14.3,-3.435,2023-04-24 00:00:00.000
MEDERSA de YAWA,school,14.29,-3.424,2021-07-05 00:00:00.000
NOMONO,school,14.13,-3.845,2022-01-13 00:00:00.000
OULOUM DINI ISLAM,school,14.4673357,-3.3015695,2020-02-17 00:00:00.000
SAMANI-DOGON,school,14.22,-3.222,2018-04-28 00:00:00.000
SANGHA B,school,14.4728776,-3.308716,2020-02-17 00:00:00.000
SANGHA [2ème C] I,school,14.4726179,-3.3082439,2020-02-17 00:00:00.000
SANGHA [2ème C] II,school,14.4726387,-3.3086731,2020-02-17 00:00:00.000
SOBANGOUMA,school,14.18,-2.659,2020-04-09 00:00:00.000
SONGHO,school,14.4,-3.702,2024-09-29 00:00:00.000
SONGHO [2ème C],school,14.4,-3.702,2024-09-29 00:00:00.000
TARBIATOU ISLAIMYA DINANGOUROU,school,14.45,-2.245,2020-05-10 00:00:00.000
TEGOUROU,school,14.26,-3.612,2024-06-25 00:00:00.000
Tendely II,school,14.0937662,-3.4176568,2019-09-08 00:00:00.000
Tendely Medersa,school,14.0920648,-3.4223744,2019-09-08 00:00:00.000
TOUGOUME,school,14.46,-3.706,2024-11-02 00:00:00.000
YAHOUADINE YORO,school,14.2757648,-2.1344278,2022-03-20 00:00:00.000
YAWA,school,14.29,-3.424,2021-07-05 00:00:00.000
YORO II,school,14.2757648,-2.1344278,2022-03-20 00:00:00.000
YORO PU,school,14.2757648,-2.1344278,2022-03-20 00:00:00.000
YOROU-NA,school,14.2420201,-2.8843123,2018-06-19 00:00:00.000
SIRAWOMA,school,14.279479,-5.747476,2024-05-21 00:00:00.000
EF TOMONA,school,14.05276,-5.0615,2023-05-02 00:00:00.000
ISSA KALAPO [1er C],school,14.13865,-5.01883,2015-04-06 00:00:00.000
KERA,school,14.22222,-4.99896,2019-05-16 00:00:00.000
SOUMANA THIENTA [2ème C],school,14.137954,-5.0147711,2015-04-06 00:00:00.000
SOFARA [2ème C] I,school,14.0099219,-4.2311127,2018-04-08 00:00:00.000
NADANI,school,14.02,-6.141,2023-02-09 00:00:00.000
MED KOLONI Km 26 [2ème C],school,14.2537561,-5.9916223,2020-01-26 00:00:00.000
GALLO,school,14.3114519,-7.6008494,2024-04-30 00:00:00.000
MADINA KAGORO,school,14.377917,-7.6690096,2024-04-29 00:00:00.000
École Mamba,school,14.079426,-4.9826238,2018-08-30 00:00:00.000
Boron [1er Cycle],school,14.010767,-7.5140836,2022-06-06 00:00:00.000
Boron [2ème Cycle],school,14.0105358,-7.5140509,2022-06-06 00:00:00.000
MOURDIAH [1er C] B,school,14.4706303,-7.469625,2023-04-22 00:00:00.000
MOURDIAH [1er C] A,school,14.470861,-7.4700058,2023-04-22 00:00:00.000
MOURDIAH [2ème C] A,school,14.4706196,-7.4699576,2023-04-22 00:00:00.000
MOURDIAH [2ème C] B,school,14.4708234,-7.4695391,2023-04-22 00:00:00.000
NAOULENA,school,14.4872546,-7.1373744,2023-12-25 00:00:00.000
SABILOU NADJAH [2ème C],school,14.4773046,-7.4662735,2023-04-22 00:00:00.000
SABILOU NADJAHI [1er C],school,14.4775826,-7.4662346,2023-04-22 00:00:00.000
TOUMBOULA,school,14.3369758,-7.795449,2022-09-11 00:00:00.000
ALMAMY KOUREISSI [2ème C],school,14.3478201,-4.9563015,2015-08-10 00:00:00.000
DIAFARABE,school,14.1415125,-5.0107008,2015-04-06 00:00:00.000
DIAKOURI,school,14.36298,-5.07814,2018-10-04 00:00:00.000
École Djongue Bambara,school,14.1044744,-4.1571225,2020-05-03 00:00:00.000
EDC -A-,school,14.0148338,-4.2290488,2018-04-08 00:00:00.000
EDC -B-,school,14.0144038,-4.2284888,2018-04-08 00:00:00.000
GAGNA [2ème C],school,14.0100984,-4.5113112,2022-03-14 00:00:00.000
KOUAKOUROU [1er C],school,14.2198555,-4.491711,2017-10-15 00:00:00.000
KOUAKOUROU [2ème C],school,14.2200041,-4.4915322,2017-10-15 00:00:00.000
École Kouna,school,14.2432757,-4.1439101,2023-08-24 00:00:00.000
NIA-OURO,school,14.0099759,-4.1239873,2022-01-04 00:00:00.000
École Sene-Marka,school,14.2017942,-5.1372212,2018-07-16 00:00:00.000
SOFARA [2ème C] II,school,14.0098439,-4.2310188,2018-04-08 00:00:00.000
SOFARA -C-,school,14.010039,-4.2311019,2018-04-08 00:00:00.000
SOUMANA THIENTA [1er C],school,14.1381881,-5.0143473,2015-04-06 00:00:00.000
TADA MOUNOU ISLAMI SOFARA,school,14.0099141,-4.2308927,2018-04-08 00:00:00.000
TAHIROU CISSE B,school,14.45648,-4.91382,1994-07-01 00:00:00.000
TENENKOU,school,14.46035,-4.91617,1994-07-01 00:00:00.000
BAMADA,school,14.2893903,-5.852703,2022-10-03 00:00:00.000
BEKAYE WERE,school,14.2843927,-6.0864834,2022-02-07 00:00:00.000
BOKY-WERE [1er C],school,14.009257,-5.6004974,2020-06-14 00:00:00.000
BOKY-WERE [2ème C],school,14.009963,-5.6006797,2020-06-14 00:00:00.000
BOUYAGUI WERE,school,14.4830477,-6.0363472,2024-01-28 00:00:00.000
ECU TIEMABA,school,14.220266,-5.907807,2022-07-14 00:00:00.000
ELHADJ SOULEYMANE CISSOUMA (TISSANA N9),school,14.359759,-5.9131,2023-01-09 00:00:00.000
École Kolodougou Coro,school,14.1410664,-5.9791412,2023-03-30 00:00:00.000
KOLONI Km26,school,14.2497756,-5.9937078,2020-01-26 00:00:00.000
KONOKASSI,school,14.3673867,-6.0710563,2024-02-16 00:00:00.000
MEDARSA KM-26,school,14.2537561,-5.9916223,2020-01-26 00:00:00.000
MEDERSA SABIL EL FALAH [2ème C](MOLODO),school,14.2368251,-6.0185404,2023-11-07 00:00:00.000
MEDERSA TOUARA,school,14.0055782,-5.2101589,2023-12-12 00:00:00.000
MEDINA COURA B3,school,14.3952294,-5.9387102,2022-05-01 00:00:00.000
MERDERSA SABIL EL FALAH(MOLODO) [1er C],school,14.2430231,-6.0184429,2023-11-07 00:00:00.000
MGR LECLERC I,school,14.2515255,-5.9893234,2020-01-26 00:00:00.000
MGR LECLERC II,school,14.2509227,-5.9898104,2020-01-26 00:00:00.000
MOLODO [1er C] A,school,14.2377845,-6.0159873,2023-11-07 00:00:00.000
MOLODO [1er C] B,school,14.2377845,-6.0159873,2023-11-07 00:00:00.000
École Soumouni,school,14.1371472,-5.2337484,2023-02-13 00:00:00.000
TOUARA,school,14.003257,-5.2082784,2023-12-12 00:00:00.000
TOYE,school,14.08,-4.928,2019-01-21 00:00:00.000
École Boumguel 1er C,school,14.1593449,-4.109696,2020-05-05 00:00:00.000
DALLAH [2ème C],school,15.1030077,-2.6432544,2018-06-09 00:00:00.000
NOKARA,school,15.1737201,-2.3957908,2019-01-24 00:00:00.000
NANI (ECU),school,15.06,-2.535,2022-09-12 00:00:00.000
INKADEWANE,school,16.4850312,2.1833454,2022-04-29 00:00:00.000
INKADEWANE [2ème C],school,16.4851135,2.1838551,2022-04-29 00:00:00.000
KERENA,school,15.03,-2.687,2021-02-10 00:00:00.000
TIN ABAW,school,15.7413023,2.5061842,2018-12-11 00:00:00.000
BATOUMA,school,15.84,-4.024,2024-04-21 00:00:00.000
BONI [2ème C],school,15.0713196,-2.2224746,2021-03-18 00:00:00.000
BONI A,school,15.0702921,-2.2222983,2021-03-18 00:00:00.000
BONI B,school,15.07,-2.223,2021-03-18 00:00:00.000
DALLAH [1er C],school,15.1029961,-2.6432547,2018-06-09 00:00:00.000
HOMBORI [1er C],school,15.2799996,-1.6999937,2022-04-19 00:00:00.000
HOMBORI [2ème C],school,15.2799829,-1.699994,2022-04-19 00:00:00.000
HOMBORI BENE,school,15.2799879,-1.7000153,2022-04-19 00:00:00.000
ABDOULAYE Z. MAÏGA (BOUREM III),school,16.9525162,-0.3508274,2012-03-29 00:00:00.000
Adarnamel,school,15.9526444,0.6341367,2022-05-14 00:00:00.000
AGAZRAGANE,school,16.042222,3.434722,2022-05-20 00:00:00.000
AHINA,school,16.499166,0.653055,2022-10-31 00:00:00.000
AKABAR,school,15.3512898,1.9939087,2018-04-09 00:00:00.000
AMASRAKAD,school,17.0813558,0.7630336,2024-03-16 00:00:00.000
ANDERAMBOUKANE [2ème C],school,15.4210533,3.0233608,1994-06-12 00:00:00.000
ANDERAMBOUKANE A,school,15.4210533,3.0230926,1994-06-12 00:00:00.000
ANDERAMBOUKANE B,school,15.424394,3.019241,1994-06-12 00:00:00.000
ARHABOU,school,16.1697335,-0.0023764,2024-08-16 00:00:00.000
BAMBA II,school,17.0331607,-1.4036363,1994-07-25 00:00:00.000
BENTIA [2ème C];BENTIA P/C,school,15.3496399,0.758397,2019-07-17 00:00:00.000
BOUREM I,school,16.9525681,-0.3515254,2012-03-29 00:00:00.000
BOUREM II,school,16.9559167,-0.3500782,2012-03-29 00:00:00.000
BOUREM IV,school,16.949146,-0.3422828,2012-03-29 00:00:00.000
BOUREM PLATEAU,school,16.9577146,-0.350102,2012-03-29 00:00:00.000
BOUREM-FOGHAS,school,16.9547703,-0.353845,2012-03-29 00:00:00.000
BOYA S/C,school,15.8677108,0.221043,2023-09-16 00:00:00.000
CENTRE IBN ABDOULBAKR POUR L'ENSEIGNEMENT ET LA SANTE,school,15.9132371,2.402743,1990-06-28 00:00:00.000
DAR ALHADIS,school,16.9615333,-0.3509024,2012-03-29 00:00:00.000
DJEBOCK P/C,school,16.3438039,0.2799142,2023-03-14 00:00:00.000
DJEBOCK S/C,school,16.3439942,0.279892,2023-03-14 00:00:00.000
DOREYE,school,15.8201076,-0.4113221,2023-02-02 00:00:00.000
EMIS-EMIS,school,16.146944,3.267222,2022-05-22 00:00:00.000
ESSAÏLAL,school,15.804444,2.521666,2022-08-12 00:00:00.000
ETAMBAW,school,15.88998,3.9351214,2022-03-13 00:00:00.000
FAFA-HAOUSSA [1er C],school,15.3236527,0.7473744,1994-05-30 00:00:00.000
FAFA-HAOUSSA S/C,school,15.3245426,0.7480933,1994-05-30 00:00:00.000
FASSIBIL AL HIDAYATI,school,15.9131362,2.4027527,1990-06-28 00:00:00.000
GAÏNA,school,15.7879835,0.2740875,2023-06-27 00:00:00.000
GARGOUNA [1er C],school,15.9237269,0.2191372,2023-11-21 00:00:00.000
HASSANE NIENDOU (LELLEHOYE),school,15.5550863,0.4972995,1994-11-20 00:00:00.000
IMAKARA,school,16.055555,3.021111,2022-10-27 00:00:00.000
INEKAR,school,15.94871,3.1562901,2018-11-18 00:00:00.000
INARABANE,school,15.524444,1.932777,2021-06-08 00:00:00.000
INARINKIDANE,school,15.701944,2.726111,2015-01-01 00:00:00.000
INAZOLE,school,15.874444,2.135555,2018-05-03 00:00:00.000
INCHINANE,school,15.604444,3.379722,2022-03-08 00:00:00.000
INEKAR OUEST,school,15.933333,1.955833,2019-01-15 00:00:00.000
INEKAR [2ème C],school,15.9493445,3.1565047,2018-11-18 00:00:00.000
INTADEYNE,school,16.175277,2.415833,2023-05-09 00:00:00.000
INTAHAKA,school,16.2015595,-0.4745056,2022-09-02 00:00:00.000
IN-WELENE,school,16.553888,1.699166,2022-03-20 00:00:00.000
KAROU,school,15.1329941,0.6775968,2021-08-08 00:00:00.000
LELLEHOYE [2ème C],school,15.5584129,0.4945752,1994-11-20 00:00:00.000
LELLEHOYE-HAOUSSA,school,15.55,0.4945659,1994-11-20 00:00:00.000
MEDERSA ALHOUDA GARGOUNA,school,15.9292349,0.2165677,2023-11-21 00:00:00.000
MENAKA I [1er C]YCLE,school,15.9249495,2.3988454,1990-06-28 00:00:00.000
MENAKA I,school,15.9249024,2.3988239,1990-06-28 00:00:00.000
MENAKA II,school,15.924925,2.39884,1990-06-28 00:00:00.000
MENAKA II S/C,school,15.9248947,2.3988548,1990-06-28 00:00:00.000
MENAKA III,school,15.9249227,2.3988719,1990-06-28 00:00:00.000
MENAKA IV,school,15.9249308,2.3988185,1990-06-28 00:00:00.000
N'TAHAKA S/C,school,16.2049509,-0.476306,2022-09-02 00:00:00.000
OUATAGOUNA P/C,school,15.1826529,0.7229771,2021-08-08 00:00:00.000
OUATAGOUNA S/C,school,15.1824458,0.7234653,2021-08-08 00:00:00.000
SAHANOU ABOUBA (BOUREM DJINDO),school,16.9102139,-0.3579399,1994-10-06 00:00:00.000
SAHENE,school,17.260833,2.991944,2024-01-24 00:00:00.000
TABANGO S/C,school,15.8049634,0.3697619,2022-11-16 00:00:00.000
TABANGO P/C,school,15.8048189,0.3701481,2022-11-16 00:00:00.000
Tabankort,school,17.8452137,0.3204781,2023-10-06 00:00:00.000
TABRICHATE,school,17.7325313,0.2060835,2023-10-02 00:00:00.000
TAGALALTE,school,15.4373148,2.7023684,2022-06-05 00:00:00.000
TAGARANGABOT,school,15.76817,0.989295,2017-07-24 00:00:00.000
TASSIGA-GOURMA,school,15.4697605,0.6995855,2022-08-01 00:00:00.000
TEDJERERTE,school,16.973195,2.523581,2023-01-01 00:00:00.000
OUAYEREMA [1er C]ycle I,school,11.3178167,-5.6671833,2024-12-07 00:00:00.000
TIEBA [1er C] A,school,11.31981,-5.6759412,2024-12-07 00:00:00.000
TIEBA [2ème C] I,school,11.3197438,-5.6759164,2024-12-07 00:00:00.000
TIEBA [2ème C] II,school,11.3195952,-5.6755285,2024-12-07 00:00:00.000
DJOUNHAN,school,18.3925,1.1244444,2024-01-05 00:00:00.000
ANEFIF [1er C],school,18.0454724,0.5994107,2023-10-08 00:00:00.000
ANEFIS [2ème C],school,18.045773,0.5999387,2023-10-08 00:00:00.000
ALBAKARY ALLIMAM PC,school,16.4120515,-3.6640145,2024-05-13 00:00:00.000
TOUHAYE,school,15.6786296,2.9579847,2024-04-03 00:00:00.000
ZEID BIN THABIT S/C;ZEID BIN THABIT TIN HAMMA P/C;ZEID IBN THABIT,school,15.5808885,0.888657,2022-09-18 00:00:00.000
École primaire de Bafarara,school,15.3745786,-11.4762354,2023-05-21 00:00:00.000
École sécondaire de Bafarara,school,15.3744667,-11.4764674,2023-05-21 00:00:00.000
ISLAHOU DINE Yélimané ([1er C]),school,15.1177285,-10.5729075,2022-11-30 00:00:00.000
ISLAHOU DINE YELIMANE ([2ème C]),school,15.1176695,-10.5730935,2022-11-30 00:00:00.000
INAKAROT,school,18.9552778,2.4775,2024-10-04 00:00:00.000
MADRASA KUWAIT,school,18.446757,1.408236,2024-10-16 00:00:00.000
TASSIKT,school,18.1116319,1.6641604,2024-05-15 00:00:00.000
TESSALIT VILLE,school,20.2058984,1.0114074,2008-05-03 00:00:00.000
YELIMANE [1er C] B,school,15.1244712,-10.5797204,2022-11-30 00:00:00.000
YELIMANE [1er C]. A,school,15.1171071,-10.580289,2022-11-30 00:00:00.000
YELIMANE [2ème C],school,15.1174592,-10.5809971,2022-11-30 00:00:00.000
NARA [1er C],school,15.1648074,-7.2900081,2024-11-05 00:00:00.000
NARA [1er C] E,school,15.170086,-7.2788984,2024-11-05 00:00:00.000
NARA [1er C] F,school,15.1651668,-7.2893,2024-11-05 00:00:00.000
NARA [1er C] B,school,15.1645392,-7.2895575,2024-11-05 00:00:00.000
NARA [2ème C] A,school,15.1645392,-7.2895522,2024-11-05 00:00:00.000
NARA [2ème C] B,school,15.1650535,-7.2893932,2024-11-05 00:00:00.000
NARA [2ème C],school,15.1646787,-7.2897292,2024-11-05 00:00:00.000
NARA [2ème C]M D,school,15.1710642,-7.2896727,2024-11-05 00:00:00.000
ATTARA,school,15.658,-4.34994,2024-01-25 00:00:00.000
ATTARA [2ème C],school,15.658,-4.34994,2024-01-25 00:00:00.000
GATHI-LOUMO,school,15.47,-4.611,2023-12-18 00:00:00.000
GATHI-LOUMO [2ème C],school,15.47,-4.611,2023-12-18 00:00:00.000
KITA,school,15.12,-5.047,2022-12-06 00:00:00.000
YERE-YERE [1er C],school,15.0618255,-4.4541213,2018-02-18 00:00:00.000
YOUWAROU-OURO,school,15.3663147,-4.2616459,2015-02-14 00:00:00.000
GAVINANE,school,15.1352667,-9.8880333,2024-08-26 00:00:00.000
ALASSANE ALAMINE TOURE,school,16.4120515,-3.6640145,2024-05-13 00:00:00.000
ALBAKAYE(TEHERDJE) [1er C],school,16.741111,-2.687777,2023-08-11 00:00:00.000
ALBAKAYE(TEHERDJE) [2ème C],school,16.741111,-2.687777,2023-08-11 00:00:00.000
ALL.IMAM ESSAYOUTI,school,16.7735095,-3.0085229,1991-12-12 00:00:00.000
AMADOU HAMMA MAÏGA,school,16.88,-1.923,1994-12-01 00:00:00.000
Groupe scolaire,school,15.9300011,-3.9890123,1994-06-08 00:00:00.000
ARATENE,school,16.356111,-4.584722,2024-12-15 00:00:00.000
ASSOUMANE ABDRAMANE DIALLO,school,16.4120515,-3.6640145,2024-05-13 00:00:00.000
BAMBARA MAOUDE [2ème C],school,15.85,-2.786,2015-05-18 00:00:00.000
BATOUMA,school,15.8395801,-4.0239119,2024-04-21 00:00:00.000
DIANKE,school,15.725188,-4.6420486,2023-10-31 00:00:00.000
École fondamentale de TEBEREMT,school,15.068323,-1.1472828,2023-06-03 00:00:00.000
École des sourds-muets de GOUNDAM,school,16.4120515,-3.6640145,2024-05-13 00:00:00.000
ESSAKANE,school,16.78,-3.633,2024-02-04 00:00:00.000
ESSAKANE [2ème C],school,16.78,-3.633,2024-02-04 00:00:00.000
GOSSI VILLAGE,school,15.8188802,-1.292798,1992-05-20 00:00:00.000
GOUNDAM [2ème C] II,school,16.4120515,-3.6640145,2024-05-13 00:00:00.000
HAMMA BABA CISSE,school,16.4120515,-3.6640145,2024-05-13 00:00:00.000
IBRAHIMA ALPHA SEYDOU CISSE,school,16.4120515,-3.6640145,2024-05-13 00:00:00.000
IBRAHIMA SIDI TOURE,school,16.4120515,-3.6640145,2024-05-13 00:00:00.000
ISSA MAÏGA,school,15.93,-3.9889883,1994-06-08 00:00:00.000
MOSSA BISSY,school,15.641315,-2.1549391,2024-10-21 00:00:00.000
SIDI MAHMOUD I,school,16.7769515,-3.0044963,1991-12-12 00:00:00.000
LERE,school,15.7069752,-4.9103767,2024-07-07 00:00:00.000
OUAMANE MACINANKE,school,15.93,-3.989,1994-06-08 00:00:00.000
RHAROUS IV,school,16.88,-1.923,1994-12-01 00:00:00.000
SABIL ELHIDAYA BER,school,16.8407941,-2.5257796,2023-10-21 00:00:00.000
SAMBANI,school,15.7472003,-4.5484308,2023-08-06 00:00:00.000
SARAFERE [2ème C],school,15.8212793,-3.6985449,2024-04-22 00:00:00.000
SARAFERE II,school,15.8212793,-3.6985449,2024-04-22 00:00:00.000
SARAFERE PC I,school,15.8212793,-3.6985449,2024-04-22 00:00:00.000
[2ème C] HARIBANDA,school,16.4120515,-3.6640145,2024-05-13 00:00:00.000
[2ème C] YOUBA KARY SIDIBE,school,16.4120515,-3.6640145,2024-05-13 00:00:00.000
SIDI MAHMOUD II,school,16.776967,-3.004512,1991-12-12 00:00:00.000
SOULEYMANE MOHAMED [1er C],school,16.61,-2.684,2023-12-07 00:00:00.000
SOULEYMANE MOHAMED [2ème C],school,16.61,-2.684,2023-12-07 00:00:00.000
SOUMPI,school,15.8432598,-4.3221056,1994-07-02 00:00:00.000
SOUMPI,school,15.8432598,-4.3221056,1994-07-02 00:00:00.000
TIN AICHA [2ème C] / مدرسة تين عائشة ۲ت,school,16.77,-4.032,2014-09-15 00:00:00.000
YEHIA ALKAYA,school,16.773629,-3.009882,1991-12-12 00:00:00.000
GARGOUNA [2ème C],school,15.9236417,0.2191531,2023-11-21 00:00:00.000
BOYA 1er Cycle,school,15.8675948,0.2211312,2023-09-16 00:00:00.000
ALMOUSTARAT I,school,17.3593065,0.1483482,1999-07-14 00:00:00.000
ALMOUSTARAT II,school,17.3596887,0.1483643,1999-07-14 00:00:00.000
TARKINT II,school,17.4785407,0.1140095,2023-10-10 00:00:00.000
École fondamentale de TARKINT I,school,17.4784775,0.1141803,2023-10-10 00:00:00.000
ANAKANA II,school,14.4937013,-3.0812115,2024-01-21 00:00:00.000
TINFADIMATA,school,16.101995,2.2186469,2023-10-19 00:00:00.000
TIN-HAMMA,school,15.5820886,0.8908055,2022-09-18 00:00:00.000
TISSALATENE,school,15.490555,2.553333,2020-05-04 00:00:00.000
TOFAGADOD,school,15.206944,0.336111,2022-10-24 00:00:00.000
Amachach,school,20.2596099,0.9868438,2022-10-17 00:00:00.000
AMIDI AG ONANE,school,18.438443,1.40109,2024-10-16 00:00:00.000
MED SALLAH [2ème C]YCLE,school,15.1681763,-7.2907065,2024-11-05 00:00:00.000
MEDERSA SALLAH [1er C],school,15.1681924,-7.2907055,2024-11-05 00:00:00.000
NARA [1er C] A,school,15.1650917,-7.2893966,2024-11-05 00:00:00.000
DIALLOUBE,school,15.0152216,-4.2308498,2016-01-19 00:00:00.000
DOGO [2ème C],school,15.1658355,-4.429882,2018-03-22 00:00:00.000
E F DIALLOUBE [2ème C],school,15.0152052,-4.2308505,2016-01-19 00:00:00.000
MAYO-SOWRE,school,15.258011,-3.9426029,2018-02-14 00:00:00.000
ABDOUL KARIM ABDOULAYE MAIGA de NANA,school,16.8772209,-1.9293613,1994-12-01 00:00:00.000
ABDOULAYE SOUMAGUEL MAÏGA,school,16.8811798,-1.9224412,1994-12-01 00:00:00.000
ABOCAR AMAR,school,16.4120515,-3.6640145,2024-05-13 00:00:00.000
ADOUMAHA AG MOHAMED [1er C],school,16.8400431,-2.5259537,2023-10-21 00:00:00.000
ADOUMAHA AG MOHAMED [2ème C],school,16.8398159,-2.5259474,2023-10-21 00:00:00.000
École Sangha A,school,14.4644858,-3.3072563,2020-02-17 00:00:00.000
Tidarméné,school,16.6193755,2.4264929,1990-06-28 00:00:00.000
TIN HAMMA,school,15.5787389,0.8866829,2022-09-18 00:00:00.000
MEDERSA BINTAGOUNGOU,school,16.7389007,-3.7318574,1994-07-01 00:00:00.000
[2ème C] de BINTAGOUGOU,school,16.7389161,-3.732029,1994-07-01 00:00:00.000
GANGAFANI I,school,14.3767686,-2.3983829,2019-06-20 00:00:00.000
MOURRAH [2e C],school,14.3288772,-4.6022738,2022-03-26 00:00:00.000
MAREBOUGOU,school,14.0800169,-4.4270161,2021-04-21 00:00:00.000
École Perta,school,13.9790578,-4.430899,2022-02-27 00:00:00.000
SOUMATOGO,school,13.9846804,-4.4986639,2022-03-14 00:00:00.000
GONO,school,15.0671589,-2.7871868,2018-02-28 00:00:00.000
BIMA,school,14.9073073,-3.7744434,2023-07-17 00:00:00.000
EVERY,school,15.0005533,-2.949875,2013-01-12 00:00:00.000
École publique BOTA,school,15.0870896,-2.9328328,2022-11-11 00:00:00.000
École privée EVANGELIQUE VIE NOUVELLE de BOTA,school,15.0872566,-2.9327952,2022-11-11 00:00:00.000
MOULAYE DEMBELE A,school,14.4808768,-4.1831566,2017-02-04 00:00:00.000
MOULAYE DEMBELE D,school,14.4808462,-4.1831553,2017-02-04 00:00:00.000
SAMASSORY NIENTAO C,school,14.4878032,-4.1905168,2017-02-04 00:00:00.000
SOMADOUGOU [2ème C],school,14.2774158,-4.0621319,2024-11-25 00:00:00.000
MOULAYE DEMBELE [2ème C],school,14.4808943,-4.1831546,2017-02-04 00:00:00.000
GNIMIGNAMA,school,15.1463286,-3.3470462,2023-10-06 00:00:00.000
SAMASSORY NIENTAO A,school,14.4878359,-4.1905156,2017-02-04 00:00:00.000
SAMASSORY NIENTAO B,school,14.48809,-4.19055,2017-02-04 00:00:00.000
MOULAYE DEMBELE C,school,14.4809177,-4.1831593,2017-02-04 00:00:00.000
MOULAYE DEMBELE B,school,14.4808612,-4.1831566,2017-02-04 00:00:00.000
École Fondamentale de Somadougou,school,14.2792927,-4.0612976,2024-11-25 00:00:00.000
Ecole Catholique,school,14.3440773,-3.610249,2023-08-09 00:00:00.000
Alpha Ali Seck,school,14.3500831,-3.6195204,2023-08-09 00:00:00.000
Ecole privée Pédagogue 1er Cycle,school,14.0740056,-3.518381,2021-02-28 00:00:00.000
Lycée privé Soudanais,school,14.0734385,-3.5223305,2021-02-28 00:00:00.000
Lycée privé Noumoukè FORGO,school,14.0757631,-3.522126,2021-02-28 00:00:00.000
Ecole publique de Sama,school,13.780299,-3.7695618,2022-01-12 00:00:00.000
MOUGUI,school,15.007606,-3.1568382,2023-01-01 00:00:00.000
Mougui SC,school,15.0076842,-3.1569591,2023-01-01 00:00:00.000
R. Père Jean Leger Segue École privée,school,13.8430227,-3.7526711,2024-12-15 00:00:00.000
École Segue [2ème Cycle],school,13.8431727,-3.7572228,2024-12-15 00:00:00.000
TRINA,school,15.697668,-4.7406662,2023-11-19 00:00:00.000
École fondamentale de Doro,school,16.1429027,-0.8486268,2017-07-24 00:00:00.000
LERNEB [2ème C],school,16.3250264,-4.9634362,2019-07-25 00:00:00.000
Tin Aicha,school,16.77,-4.032,2014-09-15 00:00:00.000
NAMPALA,school,15.2772383,-5.549608,2008-12-20 00:00:00.000
TOULE,school,15.1493972,-5.5762691,2022-03-01 00:00:00.000
ELHADI AGALY AG MOHAMED (ACHARANE),school,16.6299062,-3.3236405,2021-10-17 00:00:00.000
FABA - COURA,school,14.4576559,-6.032024,2024-01-28 00:00:00.000
Institution Scolaire GE MA CO,school,13.6812234,-6.0705032,2022-11-09 00:00:00.000
Ecole de Santé de TOMBOUCTOU,school,16.7702,-3.00014,1991-12-12 00:00:00.000
École privée de KORO,school,14.0626338,-3.0791349,2017-07-19 00:00:00.000
ANSONGO I A,school,15.6655912,0.502213,2022-03-26 00:00:00.000
ANSONGO I B,school,15.665599,0.5028735,2022-03-26 00:00:00.000
ANSONGO II A,school,15.6655951,0.5025664,2022-03-26 00:00:00.000
ANSONGO II B,school,15.6654828,0.5031646,2022-03-26 00:00:00.000
Ecole Blondin Beye,school,12.6522214,-7.9919341,1991-03-01 00:00:00.000
M'BEWANI ECOM,school,13.9038103,-6.0864923,2024-10-20 00:00:00.000
KENGOLOLA,school,13.7436034,-5.4151913,2024-03-08 00:00:00.000
École Dioura,school,14.8221176,-5.2557721,1992-07-06 00:00:00.000
École Dioura [2ème C],school,14.8215318,-5.2555407,1992-07-06 00:00:00.000
École Diosso,school,13.8852388,-5.3635156,2024-09-01 00:00:00.000
Ecole fondamentale groupe centrale,school,13.6851341,-6.0714226,2022-11-09 00:00:00.000
Unnamed School,school,15.9139,2.40116,1990-06-28 00:00:00.000
Unnamed School,school,15.911,2.39767,1990-06-28 00:00:00.000
Unnamed School,school,15.8073231,2.5183286,2022-08-12 00:00:00.000
MARGOU [1er C],school,15.7373719,-4.0640941,2024-04-21 00:00:00.000
ARKODIA,school,15.7751774,-3.617945,2018-08-12 00:00:00.000
